name,description,image,asset_id,key_to_asset_key,entity_key_b64,key_serialization,entity_key_str,attributes,hotspot_infos.iot.address,hotspot_infos.iot.street,hotspot_infos.iot.city,hotspot_infos.iot.state,hotspot_infos.iot.country,hotspot_infos.iot.is_active,hotspot_infos.iot.location,hotspot_infos.iot.dc_onboarding_fee_paid,hotspot_infos.iot.elevation,hotspot_infos.iot.gain,hotspot_infos.iot.created_at,hotspot_infos.iot.asset,hotspot_infos.iot.lat,hotspot_infos.iot.long,hotspot_infos.mobile.location
Wild Arctic Flamingo,A Rewardable NFT on Helium,https://shdw-drive.genesysgo.net/6tcnBSybPG7piEDShBcrVtYJDPSvGrDbVvXmXKpzBvWP/hotspot-active.png,J5nReKJnvgwKvuyhFdkNkMNoKpnVa3ojRDEenLSQhNis,6MSMthe5vrkiBWYx2tmoSq9HJZGZXnuoSoeWzteFrgen,AADHE/CDurygzfTV7NOb9GVhFW5A6GLmgJU3hLH0WMl4Pbv04+M=,b58,112WgBJ2mGjgmrTvGTr2gm7Hkej5YDvqDM66GvDDFtjEtRBso9az,"[{'trait_type': 'ecc_compact', 'value': '112WgBJ2mGjgmrTvGTr2gm7Hkej5YDvqDM66GvDDFtjEtRBso9az'}, {'trait_type': 'entity_key_string', 'value': '112WgBJ2mGjgmrTvGTr2gm7Hkej5YDvqDM66GvDDFtjEtRBso9az'}, {'trait_type': 'entity_key', 'value': 'AADHE/CDurygzfTV7NOb9GVhFW5A6GLmgJU3hLH0WMl4Pbv04+M='}, {'trait_type': 'rewardable', 'value': True}, {'trait_type': 'networks', 'value': ['iot']}, {'trait_type': 'iot_city', 'value': None}, {'trait_type': 'iot_state', 'value': 'Nairobi'}, {'trait_type': 'iot_country', 'value': 'Kenya'}, {'trait_type': 'iot_lat', 'value': -1.276173}, {'trait_type': 'iot_long', 'value': 36.865159}]",HKy1omL6zZNBfsrUgX52ptQnxkgFxP5RbT7A6WFrz2R,Eastleigh South ward,,Nairobi,Kenya,True,8c7a6e4239203ff,4000000,10,60,2023-04-23T19:32:36.610Z,J5nReKJnvgwKvuyhFdkNkMNoKpnVa3ojRDEenLSQhNis,-1.276173,36.865159,
Wild Arctic Flamingo,A Rewardable NFT on Helium,https://shdw-drive.genesysgo.net/6tcnBSybPG7piEDShBcrVtYJDPSvGrDbVvXmXKpzBvWP/hotspot-active.png,J5nReKJnvgwKvuyhFdkNkMNoKpnVa3ojRDEenLSQhNis,6MSMthe5vrkiBWYx2tmoSq9HJZGZXnuoSoeWzteFrgen,AADHE/CDurygzfTV7NOb9GVhFW5A6GLmgJU3hLH0WMl4Pbv04+M=,b58,112WgBJ2mGjgmrTvGTr2gm7Hkej5YDvqDM66GvDDFtjEtRBso9az,"[{'trait_type': 'ecc_compact', 'value': '112WgBJ2mGjgmrTvGTr2gm7Hkej5YDvqDM66GvDDFtjEtRBso9az'}, {'trait_type': 'entity_key_string', 'value': '112WgBJ2mGjgmrTvGTr2gm7Hkej5YDvqDM66GvDDFtjEtRBso9az'}, {'trait_type': 'entity_key', 'value': 'AADHE/CDurygzfTV7NOb9GVhFW5A6GLmgJU3hLH0WMl4Pbv04+M='}, {'trait_type': 'rewardable', 'value': True}, {'trait_type': 'networks', 'value': ['iot']}, {'trait_type': 'iot_city', 'value': None}, {'trait_type': 'iot_state', 'value': 'Nairobi'}, {'trait_type': 'iot_country', 'value': 'Kenya'}, {'trait_type': 'iot_lat', 'value': -1.276173}, {'trait_type': 'iot_long', 'value': 36.865159}]",HKy1omL6zZNBfsrUgX52ptQnxkgFxP5RbT7A6WFrz2R,Eastleigh South ward,,Nairobi,Kenya,True,8c7a6e4239203ff,4000000,10.0,60.0,2023-04-23T19:32:36.610Z,J5nReKJnvgwKvuyhFdkNkMNoKpnVa3ojRDEenLSQhNis,-1.276173,36.865159,,
Furry Ivory Dinosaur,A Rewardable NFT on Helium,https://shdw-drive.genesysgo.net/6tcnBSybPG7piEDShBcrVtYJDPSvGrDbVvXmXKpzBvWP/hotspot.png,Df7UHLqf4wHEHwu4zCqUokfCmm8xcJgtZGE6NvLmhhhM,BHtAihQ9y5Xz4RhmboTTKgB5YXQksJc5MzJPzpS175cT,AACIfME0XvG6Ub9vbrhMDoUi6vKP7G3vzlrG/sj4W1iMBdl9VAE=,b58,11237PMmF73MbyUjrsXVKHx4z6bv7YRUKYWTGLWqLWy3C88DAaRe,"[{'trait_type': 'ecc_compact', 'value': '11237PMmF73MbyUjrsXVKHx4z6bv7YRUKYWTGLWqLWy3C88DAaRe'}, {'trait_type': 'entity_key_string', 'value': '11237PMmF73MbyUjrsXVKHx4z6bv7YRUKYWTGLWqLWy3C88DAaRe'}, {'trait_type': 'entity_key', 'value': 'AACIfME0XvG6Ub9vbrhMDoUi6vKP7G3vzlrG/sj4W1iMBdl9VAE='}, {'trait_type': 'rewardable', 'value': True}, {'trait_type': 'networks', 'value': ['iot']}, {'trait_type': 'iot_city', 'value': 'Achterwehr'}, {'trait_type': 'iot_state', 'value': 'Schleswig-Holstein'}, {'trait_type': 'iot_country', 'value': 'Deutschland'}, {'trait_type': 'iot_lat', 'value': 54.312157}, {'trait_type': 'iot_long', 'value': 10.004788}]",,,,,,,,,,,,,,,,"{'iot': {'address': 'KzpguDJRzh2npTWQfLLgsaPNfBPptdfgUu9EL26xG9d', 'street': 'Kieler Westküstenstraße', 'city': 'Achterwehr', 'state': 'Schleswig-Holstein', 'country': 'Deutschland', 'is_active': False, 'location': '8c1f06181a003ff', 'dc_onboarding_fee_paid': '4000000', 'elevation': 0, 'gain': 12, 'created_at': '2023-04-23T19:41:11.550Z', 'asset': 'Df7UHLqf4wHEHwu4zCqUokfCmm8xcJgtZGE6NvLmhhhM', 'lat': 54.312157, 'long': 10.004788}, 'mobile': {'location': None}}"
Late Gingham Wren,A Rewardable NFT on Helium,https://shdw-drive.genesysgo.net/6tcnBSybPG7piEDShBcrVtYJDPSvGrDbVvXmXKpzBvWP/hotspot.png,FB4i5FP9hj2S4Ye5kJS3DSACMJXLzx4KQfF3EjnQBZk7,F8x6BYU37AFTR8B78NQ4cgKUB9Rq2hbcFNvDFtrhi8ms,AAAXByhCcfAZZzAHS36EdlWsxpez0NVVo6yseadWzdPIX/9tCT0=,b58,11B9DfJRJnq9B8p792oySEdSvef7YSsf8VHrVVrxpxZaZq16R3a,"[{'trait_type': 'ecc_compact', 'value': '11B9DfJRJnq9B8p792oySEdSvef7YSsf8VHrVVrxpxZaZq16R3a'}, {'trait_type': 'entity_key_string', 'value': '11B9DfJRJnq9B8p792oySEdSvef7YSsf8VHrVVrxpxZaZq16R3a'}, {'trait_type': 'entity_key', 'value': 'AAAXByhCcfAZZzAHS36EdlWsxpez0NVVo6yseadWzdPIX/9tCT0='}, {'trait_type': 'rewardable', 'value': True}, {'trait_type': 'networks', 'value': ['iot']}, {'trait_type': 'iot_city', 'value': 'Cluj-Napoca'}, {'trait_type': 'iot_state', 'value': None}, {'trait_type': 'iot_country', 'value': 'România'}, {'trait_type': 'iot_lat', 'value': 46.755919}, {'trait_type': 'iot_long', 'value': 23.554586}]",,,,,,,,,,,,,,,,"{'iot': {'address': 'L38X9NLnGrgDFQRXKG9HDFhiTaJL8SEFvFKg3nfFf6e', 'street': None, 'city': 'Cluj-Napoca', 'state': None, 'country': 'România', 'is_active': False, 'location': '8c1e0b39c8103ff', 'dc_onboarding_fee_paid': '4000000', 'elevation': 20, 'gain': 40, 'created_at': '2023-04-23T19:41:32.647Z', 'asset': 'FB4i5FP9hj2S4Ye5kJS3DSACMJXLzx4KQfF3EjnQBZk7', 'lat': 46.755919, 'long': 23.554586}, 'mobile': {'location': None}}"
Jovial Taupe Butterfly,A Rewardable NFT on Helium,https://shdw-drive.genesysgo.net/6tcnBSybPG7piEDShBcrVtYJDPSvGrDbVvXmXKpzBvWP/hotspot-active.png,HEPSiZcKJsoC3d5GxhqqdAADdZt14nHBeJcdxgfanuC4,GhEu6UGMUxqJS8ePt8v6a4Cx8iFMdBAsVu13xxQ38KfD,AACWx0YfDSrqkNeQwuKx2j1WY76ynDebCWn6mN1MqLvMzQUPclM=,b58,1129QS4xpEveaWGtbyRzCkPMWTaEdr8T9ZYRvfTMQgqKhaWZ1yPQ,"[{'trait_type': 'ecc_compact', 'value': '1129QS4xpEveaWGtbyRzCkPMWTaEdr8T9ZYRvfTMQgqKhaWZ1yPQ'}, {'trait_type': 'entity_key_string', 'value': '1129QS4xpEveaWGtbyRzCkPMWTaEdr8T9ZYRvfTMQgqKhaWZ1yPQ'}, {'trait_type': 'entity_key', 'value': 'AACWx0YfDSrqkNeQwuKx2j1WY76ynDebCWn6mN1MqLvMzQUPclM='}, {'trait_type': 'rewardable', 'value': True}, {'trait_type': 'networks', 'value': ['iot']}, {'trait_type': 'iot_city', 'value': None}, {'trait_type': 'iot_state', 'value': 'محافظة الشمال'}, {'trait_type': 'iot_country', 'value': 'لبنان'}, {'trait_type': 'iot_lat', 'value': 34.360781}, {'trait_type': 'iot_long', 'value': 35.73913}]",,,,,,,,,,,,,,,,"{'iot': {'address': 'LvkvkUHLAun76hmdCdCGHrhy77286saBuUynCM6e5uF', 'street': 'انفه', 'city': None, 'state': 'محافظة الشمال', 'country': 'لبنان', 'is_active': True, 'location': '8c2da22b4bb01ff', 'dc_onboarding_fee_paid': '4000000', 'elevation': 22, 'gain': 30, 'created_at': '2023-04-23T19:44:30.632Z', 'asset': 'HEPSiZcKJsoC3d5GxhqqdAADdZt14nHBeJcdxgfanuC4', 'lat': 34.360781, 'long': 35.73913}, 'mobile': {'location': None}}"
Round Hazelnut Owl,A Rewardable NFT on Helium,https://shdw-drive.genesysgo.net/6tcnBSybPG7piEDShBcrVtYJDPSvGrDbVvXmXKpzBvWP/hotspot.png,WZzsDNwk1DeyehZrcw8fx7B8m1ZjsY4awcrQEdmmjDG,5hbp59pu2qpaT76yGT64R5yqePtcS8md9MbXgYiAPzga,AADQXnibgilaWeuoU0dAG8bpXF8XJYUrMQosgqYnkwmaJRQ2+GA=,b58,112amWR51tU16Q7ZEC7XuLmX1qdKAoqxMYTKArSBvcqtxtKybk9u,"[{'trait_type': 'ecc_compact', 'value': '112amWR51tU16Q7ZEC7XuLmX1qdKAoqxMYTKArSBvcqtxtKybk9u'}, {'trait_type': 'entity_key_string', 'value': '112amWR51tU16Q7ZEC7XuLmX1qdKAoqxMYTKArSBvcqtxtKybk9u'}, {'trait_type': 'entity_key', 'value': 'AADQXnibgilaWeuoU0dAG8bpXF8XJYUrMQosgqYnkwmaJRQ2+GA='}, {'trait_type': 'rewardable', 'value': True}, {'trait_type': 'networks', 'value': ['iot']}, {'trait_type': 'iot_city', 'value': 'Marion'}, {'trait_type': 'iot_state', 'value': 'Iowa'}, {'trait_type': 'iot_country', 'value': 'United States'}, {'trait_type': 'iot_lat', 'value': 42.047274}, {'trait_type': 'iot_long', 'value': -91.595462}]",,,,,,,,,,,,,,,,"{'iot': {'address': 'Pbwn7TdRC3H8CHjWN1hSyWN6wmA89U8nuJ7JBYFNpCM', 'street': 'Bentley Drive', 'city': 'Marion', 'state': 'Iowa', 'country': 'United States', 'is_active': False, 'location': '8c2674cde8925ff', 'dc_onboarding_fee_paid': '4000000', 'elevation': 3, 'gain': 54, 'created_at': '2023-04-23T19:53:57.626Z', 'asset': 'WZzsDNwk1DeyehZrcw8fx7B8m1ZjsY4awcrQEdmmjDG', 'lat': 42.047274, 'long': -91.595462}, 'mobile': {'location': None}}"
Able Mauve Seahorse,A Rewardable NFT on Helium,https://shdw-drive.genesysgo.net/6tcnBSybPG7piEDShBcrVtYJDPSvGrDbVvXmXKpzBvWP/hotspot.png,6e8i1tE4NmHViBDprSSX998cV65i1dBuW44urneh34Tp,BeQBDDf1X5UNuNvTA4vZCgjvgMihSfdiZj7AMSUy8t56,AAAZ6tMZAbm1GpkgPdUg/TysIjt4R8scoKNfIejGDzbxiEAmriw=,b58,11CR2HmKRHNxkN9L3MK2pkBB9rF9NrpuLfgf7SBQrnmtwHVZ5kX,"[{'trait_type': 'ecc_compact', 'value': '11CR2HmKRHNxkN9L3MK2pkBB9rF9NrpuLfgf7SBQrnmtwHVZ5kX'}, {'trait_type': 'entity_key_string', 'value': '11CR2HmKRHNxkN9L3MK2pkBB9rF9NrpuLfgf7SBQrnmtwHVZ5kX'}, {'trait_type': 'entity_key', 'value': 'AAAZ6tMZAbm1GpkgPdUg/TysIjt4R8scoKNfIejGDzbxiEAmriw='}, {'trait_type': 'rewardable', 'value': True}, {'trait_type': 'networks', 'value': ['iot']}, {'trait_type': 'iot_city', 'value': None}, {'trait_type': 'iot_state', 'value': None}, {'trait_type': 'iot_country', 'value': None}, {'trait_type': 'iot_lat', 'value': 30.849735}, {'trait_type': 'iot_long', 'value': -95.531877}]",,,,,,,,,,,,,,,,"{'iot': {'address': 'PsQZHrcH4QL571t7yWVqt7PTV4RxhaF59XaADx9p3Cv', 'street': None, 'city': None, 'state': None, 'country': None, 'is_active': False, 'location': '8c4468a44a5d9ff', 'dc_onboarding_fee_paid': '4000000', 'elevation': 0, 'gain': 40, 'created_at': '2023-04-23T19:54:30.958Z', 'asset': '6e8i1tE4NmHViBDprSSX998cV65i1dBuW44urneh34Tp', 'lat': 30.849735, 'long': -95.531877}, 'mobile': {'location': None}}"
Electric Smoke Seal,A Rewardable NFT on Helium,https://shdw-drive.genesysgo.net/6tcnBSybPG7piEDShBcrVtYJDPSvGrDbVvXmXKpzBvWP/hotspot-active.png,G9rrfA4KKGV38skPBvjwTgdni9BXXUekpchvUFbVfqTw,3RgpkUoWjnmXwxrmB5qnmoSbmACVykKtJHYPFTjdMyS7,AAAjtTOb9OLXJJ71AnfFZenQ9SifvA2b5cOMNOuRl3fmy5DaZ7k=,b58,11Gj7HLaSZuA8TXS3Dfhfth7ZTV4a6kPSbff5uNd7hREkEen4Re,"[{'trait_type': 'ecc_compact', 'value': '11Gj7HLaSZuA8TXS3Dfhfth7ZTV4a6kPSbff5uNd7hREkEen4Re'}, {'trait_type': 'entity_key_string', 'value': '11Gj7HLaSZuA8TXS3Dfhfth7ZTV4a6kPSbff5uNd7hREkEen4Re'}, {'trait_type': 'entity_key', 'value': 'AAAjtTOb9OLXJJ71AnfFZenQ9SifvA2b5cOMNOuRl3fmy5DaZ7k='}, {'trait_type': 'rewardable', 'value': True}, {'trait_type': 'networks', 'value': ['iot']}, {'trait_type': 'iot_city', 'value': 'Milano'}, {'trait_type': 'iot_state', 'value': 'Lombardia'}, {'trait_type': 'iot_country', 'value': 'Italia'}, {'trait_type': 'iot_lat', 'value': 45.504324}, {'trait_type': 'iot_long', 'value': 9.170943}]",,,,,,,,,,,,,,,,"{'iot': {'address': 'QPA3zVkic7XvmRdiDAAEStyCUR8amWFJ6zayEhcA1WZ', 'street': 'Via Angiolo Maffucci', 'city': 'Milano', 'state': 'Lombardia', 'country': 'Italia', 'is_active': True, 'location': '8c1f99cc02f25ff', 'dc_onboarding_fee_paid': '4000000', 'elevation': 45, 'gain': 58, 'created_at': '2023-04-23T19:57:20.997Z', 'asset': 'G9rrfA4KKGV38skPBvjwTgdni9BXXUekpchvUFbVfqTw', 'lat': 45.504324, 'long': 9.170943}, 'mobile': {'location': None}}"
Able Scarlet Swift,A Rewardable NFT on Helium,https://shdw-drive.genesysgo.net/6tcnBSybPG7piEDShBcrVtYJDPSvGrDbVvXmXKpzBvWP/hotspot.png,2rQJEpzgESBWPuV92yuokuaAd5qcpJdZepb4vLN9gPhb,6pxSymjQzS9FnAFsa39vZ6jG77TiRbeRph69kxs6HmJe,AAC+ugOkeWFdAKaZYH8tlCZZsIheJRh9fMUqGXtON9QwpsfvM2o=,b58,112Szrcpm85SFuXWmm3oEBP1pB2Yv1FE7xzRCTu3DQ3PS9UaytY9,"[{'trait_type': 'ecc_compact', 'value': '112Szrcpm85SFuXWmm3oEBP1pB2Yv1FE7xzRCTu3DQ3PS9UaytY9'}, {'trait_type': 'entity_key_string', 'value': '112Szrcpm85SFuXWmm3oEBP1pB2Yv1FE7xzRCTu3DQ3PS9UaytY9'}, {'trait_type': 'entity_key', 'value': 'AAC+ugOkeWFdAKaZYH8tlCZZsIheJRh9fMUqGXtON9QwpsfvM2o='}, {'trait_type': 'rewardable', 'value': True}, {'trait_type': 'networks', 'value': ['iot']}, {'trait_type': 'iot_city', 'value': 'Denver'}, {'trait_type': 'iot_state', 'value': 'CO'}, {'trait_type': 'iot_country', 'value': 'United States'}, {'trait_type': 'iot_lat', 'value': 39.777165}, {'trait_type': 'iot_long', 'value': -104.987793}]",,,,,,,,,,,,,,,,"{'iot': {'address': 'Qh9odLrb6WuwLvpS7bYuVq4k33ziQCgtKBd6aRigNFZ', 'street': None, 'city': 'Denver', 'state': 'CO', 'country': 'United States', 'is_active': False, 'location': '8c268cd127625ff', 'dc_onboarding_fee_paid': '4000000', 'elevation': 10, 'gain': 58, 'created_at': '2023-04-23T19:57:28.128Z', 'asset': '2rQJEpzgESBWPuV92yuokuaAd5qcpJdZepb4vLN9gPhb', 'lat': 39.777165, 'long': -104.987793}, 'mobile': {'location': None}}"
Short Ginger Panda,A Rewardable NFT on Helium,https://shdw-drive.genesysgo.net/6tcnBSybPG7piEDShBcrVtYJDPSvGrDbVvXmXKpzBvWP/hotspot.png,G4ygrfzLKQtRWYrGRMmSbTBF1bcvUUKWXk8n9Z54frEi,H1kJjiCXWpGU8tepGUJqq5v34mCH3bpeQggZy3VDgzjw,AAAP7U3YlQx0wtgtG064ZWFQaGwFa0qyb9e5dGqhjY8jpLNqWvA=,b58,1181qKNsF9NcF5YedhZitn6cQahwJEfHYAGAjvq3AAnmYxj6ca3,"[{'trait_type': 'ecc_compact', 'value': '1181qKNsF9NcF5YedhZitn6cQahwJEfHYAGAjvq3AAnmYxj6ca3'}, {'trait_type': 'entity_key_string', 'value': '1181qKNsF9NcF5YedhZitn6cQahwJEfHYAGAjvq3AAnmYxj6ca3'}, {'trait_type': 'entity_key', 'value': 'AAAP7U3YlQx0wtgtG064ZWFQaGwFa0qyb9e5dGqhjY8jpLNqWvA='}, {'trait_type': 'rewardable', 'value': True}, {'trait_type': 'networks', 'value': ['iot']}, {'trait_type': 'iot_city', 'value': 'Miami Gardens'}, {'trait_type': 'iot_state', 'value': 'FL'}, {'trait_type': 'iot_country', 'value': 'United States'}, {'trait_type': 'iot_lat', 'value': 25.95048}, {'trait_type': 'iot_long', 'value': -80.274087}]",,,,,,,,,,,,,,,,"{'iot': {'address': 'QjH6tYummYkoNegkSdUfSCFnnWvJ4nfQDnpcrnMYhjC', 'street': None, 'city': 'Miami Gardens', 'state': 'FL', 'country': 'United States', 'is_active': False, 'location': '8c44a1a965a17ff', 'dc_onboarding_fee_paid': '4000000', 'elevation': 0, 'gain': 12, 'created_at': '2023-04-23T19:57:38.211Z', 'asset': 'G4ygrfzLKQtRWYrGRMmSbTBF1bcvUUKWXk8n9Z54frEi', 'lat': 25.95048, 'long': -80.274087}, 'mobile': {'location': None}}"
Shaggy Orange Raccoon,A Rewardable NFT on Helium,https://shdw-drive.genesysgo.net/6tcnBSybPG7piEDShBcrVtYJDPSvGrDbVvXmXKpzBvWP/hotspot.png,B3chFnigRLzC6RPM55ihBXPwFu4gWXqD85Xxb6Ng8My6,4Ys3wMNHyiUodCLHFz5BMK5jpmbbMcLqoZ96QFuT3CKv,AABrdK1Da8mhwZjdgpGpbd04DssyrZiUcvX0oye+fFLV+8clc4U=,b58,11pKpBFhdJj3BnxsCqTjau5AYNaiy9knvt3ShLYNkKcLDoQdyiC,"[{'trait_type': 'ecc_compact', 'value': '11pKpBFhdJj3BnxsCqTjau5AYNaiy9knvt3ShLYNkKcLDoQdyiC'}, {'trait_type': 'entity_key_string', 'value': '11pKpBFhdJj3BnxsCqTjau5AYNaiy9knvt3ShLYNkKcLDoQdyiC'}, {'trait_type': 'entity_key', 'value': 'AABrdK1Da8mhwZjdgpGpbd04DssyrZiUcvX0oye+fFLV+8clc4U='}, {'trait_type': 'rewardable', 'value': True}, {'trait_type': 'networks', 'value': ['iot']}, {'trait_type': 'iot_city', 'value': 'San Diego'}, {'trait_type': 'iot_state', 'value': 'California'}, {'trait_type': 'iot_country', 'value': 'United States'}, {'trait_type': 'iot_lat', 'value': 32.770142}, {'trait_type': 'iot_long', 'value': -117.200772}]",,,,,,,,,,,,,,,,"{'iot': {'address': 'QuZXknmKq23gJYLoiVL1tnyMkPeCahitMhFe6Gv1kqH', 'street': None, 'city': 'San Diego', 'state': 'California', 'country': 'United States', 'is_active': False, 'location': '8c29a403549e9ff', 'dc_onboarding_fee_paid': '4000000', 'elevation': 0, 'gain': 30, 'created_at': '2023-04-23T19:58:05.864Z', 'asset': 'B3chFnigRLzC6RPM55ihBXPwFu4gWXqD85Xxb6Ng8My6', 'lat': 32.770142, 'long': -117.200772}, 'mobile': {'location': None}}"
