name,description,image,asset_id,key_to_asset_key,entity_key_b64,key_serialization,entity_key_str,attributes,hotspot_infos.iot.address,hotspot_infos.iot.street,hotspot_infos.iot.city,hotspot_infos.iot.state,hotspot_infos.iot.country,hotspot_infos.iot.is_active,hotspot_infos.iot.location,hotspot_infos.iot.dc_onboarding_fee_paid,hotspot_infos.iot.elevation,hotspot_infos.iot.gain,hotspot_infos.iot.created_at,hotspot_infos.iot.asset,hotspot_infos.iot.lat,hotspot_infos.iot.long,hotspot_infos.mobile.address,hotspot_infos.mobile.asset,hotspot_infos.mobile.street,hotspot_infos.mobile.city,hotspot_infos.mobile.state,hotspot_infos.mobile.country,hotspot_infos.mobile.is_active,hotspot_infos.mobile.device_type,hotspot_infos.mobile.location,hotspot_infos.mobile.dc_onboarding_fee_paid,hotspot_infos.mobile.created_at,hotspot_infos.mobile.lat,hotspot_infos.mobile.long
Long Orchid Skunk,A Rewardable NFT on Helium,https://shdw-drive.genesysgo.net/6tcnBSybPG7piEDShBcrVtYJDPSvGrDbVvXmXKpzBvWP/hotspot-active.png,DUcctHUAXEzFvpRkkMTFx9Hfs7JaEHB6dVoqPyovqhdG,3t47wfGTY1Wq9MWWFkyFAQwVi2W2NaZbWWu9LGBf26Hj,AABVSzT82dY+DBVkKlZj/miOa0UXhfi2BTxXYb0l/XRn5ug0E+Q=,b58,11eZiUUcJkXLXuFeETcMxckm4rXP7yZfHW3NoM38HTx4hLePDvK,"[{'trait_type': 'ecc_compact', 'value': '11eZiUUcJkXLXuFeETcMxckm4rXP7yZfHW3NoM38HTx4hLePDvK'}, {'trait_type': 'entity_key_string', 'value': '11eZiUUcJkXLXuFeETcMxckm4rXP7yZfHW3NoM38HTx4hLePDvK'}, {'trait_type': 'entity_key', 'value': 'AABVSzT82dY+DBVkKlZj/miOa0UXhfi2BTxXYb0l/XRn5ug0E+Q='}, {'trait_type': 'rewardable', 'value': True}, {'trait_type': 'networks', 'value': ['iot', 'mobile']}, {'trait_type': 'iot_city', 'value': 'Seattle'}, {'trait_type': 'iot_state', 'value': 'Washington'}, {'trait_type': 'iot_country', 'value': 'United States'}, {'trait_type': 'iot_lat', 'value': 47.496817}, {'trait_type': 'iot_long', 'value': -122.249282}, {'trait_type': 'mobile_city', 'value': 'Seattle'}, {'trait_type': 'mobile_state', 'value': 'Washington'}, {'trait_type': 'mobile_country', 'value': 'United States'}, {'trait_type': 'mobile_lat', 'value': 47.496817}, {'trait_type': 'mobile_long', 'value': -122.249282}]",DeHj2hkEuYPNfJ2nYpGbPUxFPCv2gj6SP4E5gCfWjUeh,,Seattle,Washington,United States,True,8c28d55042403ff,4000000,6,12,2023-05-04T01:08:26.747Z,DUcctHUAXEzFvpRkkMTFx9Hfs7JaEHB6dVoqPyovqhdG,47.496817,-122.249282,HQsEzLzphKeN9AmryNhB1C63EorHkFnuSJEGBHQsCKmY,DUcctHUAXEzFvpRkkMTFx9Hfs7JaEHB6dVoqPyovqhdG,,Seattle,Washington,United States,True,cbrs,8c28d55042403ff,4000000,2023-04-23T21:24:24.323Z,47.496817,-122.249282
Long Orchid Skunk,A Rewardable NFT on Helium,https://shdw-drive.genesysgo.net/6tcnBSybPG7piEDShBcrVtYJDPSvGrDbVvXmXKpzBvWP/hotspot-active.png,DUcctHUAXEzFvpRkkMTFx9Hfs7JaEHB6dVoqPyovqhdG,3t47wfGTY1Wq9MWWFkyFAQwVi2W2NaZbWWu9LGBf26Hj,AABVSzT82dY+DBVkKlZj/miOa0UXhfi2BTxXYb0l/XRn5ug0E+Q=,b58,11eZiUUcJkXLXuFeETcMxckm4rXP7yZfHW3NoM38HTx4hLePDvK,"[{'trait_type': 'ecc_compact', 'value': '11eZiUUcJkXLXuFeETcMxckm4rXP7yZfHW3NoM38HTx4hLePDvK'}, {'trait_type': 'entity_key_string', 'value': '11eZiUUcJkXLXuFeETcMxckm4rXP7yZfHW3NoM38HTx4hLePDvK'}, {'trait_type': 'entity_key', 'value': 'AABVSzT82dY+DBVkKlZj/miOa0UXhfi2BTxXYb0l/XRn5ug0E+Q='}, {'trait_type': 'rewardable', 'value': True}, {'trait_type': 'networks', 'value': ['iot', 'mobile']}, {'trait_type': 'iot_city', 'value': 'Seattle'}, {'trait_type': 'iot_state', 'value': 'Washington'}, {'trait_type': 'iot_country', 'value': 'United States'}, {'trait_type': 'iot_lat', 'value': 47.496817}, {'trait_type': 'iot_long', 'value': -122.249282}, {'trait_type': 'mobile_city', 'value': 'Seattle'}, {'trait_type': 'mobile_state', 'value': 'Washington'}, {'trait_type': 'mobile_country', 'value': 'United States'}, {'trait_type': 'mobile_lat', 'value': 47.496817}, {'trait_type': 'mobile_long', 'value': -122.249282}]",DeHj2hkEuYPNfJ2nYpGbPUxFPCv2gj6SP4E5gCfWjUeh,,Seattle,Washington,United States,True,8c28d55042403ff,4000000,6.0,12.0,2023-05-04T01:08:26.747Z,DUcctHUAXEzFvpRkkMTFx9Hfs7JaEHB6dVoqPyovqhdG,47.496817,-122.249282,HQsEzLzphKeN9AmryNhB1C63EorHkFnuSJEGBHQsCKmY,DUcctHUAXEzFvpRkkMTFx9Hfs7JaEHB6dVoqPyovqhdG,,Seattle,Washington,United States,True,cbrs,8c28d55042403ff,4000000,2023-04-23T21:24:24.323Z,47.496817,-122.249282,
Straight Currant Horse,A Rewardable NFT on Helium,https://shdw-drive.genesysgo.net/6tcnBSybPG7piEDShBcrVtYJDPSvGrDbVvXmXKpzBvWP/hotspot-active.png,5ZCBKCEyhZLU83Mxwk4eg332HhaFSVQBtE8vGH2W5QtW,HdoQU9FY9E4g14AXntFTNuPWUhdq1W3HyCEUJ49v1PFE,AABtk1WNCUNir851OfMiEXMc1f6vNJYe0YCSuA6akgzW+lTMdOU=,b58,11qFxfRiHjutrWMutcdYhh7mVj11o53bheTqXZDApDqo7pioatL,"[{'trait_type': 'ecc_compact', 'value': '11qFxfRiHjutrWMutcdYhh7mVj11o53bheTqXZDApDqo7pioatL'}, {'trait_type': 'entity_key_string', 'value': '11qFxfRiHjutrWMutcdYhh7mVj11o53bheTqXZDApDqo7pioatL'}, {'trait_type': 'entity_key', 'value': 'AABtk1WNCUNir851OfMiEXMc1f6vNJYe0YCSuA6akgzW+lTMdOU='}, {'trait_type': 'rewardable', 'value': True}, {'trait_type': 'networks', 'value': ['iot', 'mobile']}, {'trait_type': 'iot_city', 'value': 'Bordentown Township'}, {'trait_type': 'iot_state', 'value': 'New Jersey'}, {'trait_type': 'iot_country', 'value': 'United States'}, {'trait_type': 'iot_lat', 'value': 40.137942}, {'trait_type': 'iot_long', 'value': -74.705886}, {'trait_type': 'mobile_city', 'value': 'Bordentown Township'}, {'trait_type': 'mobile_state', 'value': 'New Jersey'}, {'trait_type': 'mobile_country', 'value': 'United States'}, {'trait_type': 'mobile_lat', 'value': 40.137942}, {'trait_type': 'mobile_long', 'value': -74.705886}]",,,,,,,,,,,,,,,,,,,,,,,,,,,,"{'iot': {'address': '64rifr1Sx1QwXLVzMmGsjpx3bnS7vCvv8uvx7aNDnKvu', 'street': 'Farnsworth Avenue', 'city': 'Bordentown Township', 'state': 'New Jersey', 'country': 'United States', 'is_active': True, 'location': '8c2a13ccac549ff', 'dc_onboarding_fee_paid': '4000000', 'elevation': 0, 'gain': 12, 'created_at': '2023-05-04T01:07:10.793Z', 'asset': '5ZCBKCEyhZLU83Mxwk4eg332HhaFSVQBtE8vGH2W5QtW', 'lat': 40.137942, 'long': -74.705886}, 'mobile': {'address': 'HAgKSmnPRFvzmpzH2Ctd6paopghN8pDL2LAY7faB6TGC', 'asset': '5ZCBKCEyhZLU83Mxwk4eg332HhaFSVQBtE8vGH2W5QtW', 'street': 'Farnsworth Avenue', 'city': 'Bordentown Township', 'state': 'New Jersey', 'country': 'United States', 'is_active': False, 'device_type': 'cbrs', 'location': '8c2a13ccac549ff', 'dc_onboarding_fee_paid': '0', 'created_at': '2023-04-23T22:41:53.547Z', 'lat': 40.137942, 'long': -74.705886}}"
Zany Azure Whale,A Rewardable NFT on Helium,https://shdw-drive.genesysgo.net/6tcnBSybPG7piEDShBcrVtYJDPSvGrDbVvXmXKpzBvWP/hotspot.png,B7u8H5BFik7Up178vxcSA3zX7uz9yfe3P7thHjWsW3Ki,5BWd2jPFWKtgo4jq4YDgy18BB1riedWgpmrRKSxUmV6v,AADa8eStMZxiPS1RShR4QhoiL/2Wnc3tr3qjckKxXWRDG5TlWwM=,b58,112fReuPA9Usw3cGm7f3gRcuBBKR7qW8RYubJDQ4x9u1ZE5tbfwp,"[{'trait_type': 'ecc_compact', 'value': '112fReuPA9Usw3cGm7f3gRcuBBKR7qW8RYubJDQ4x9u1ZE5tbfwp'}, {'trait_type': 'entity_key_string', 'value': '112fReuPA9Usw3cGm7f3gRcuBBKR7qW8RYubJDQ4x9u1ZE5tbfwp'}, {'trait_type': 'entity_key', 'value': 'AADa8eStMZxiPS1RShR4QhoiL/2Wnc3tr3qjckKxXWRDG5TlWwM='}, {'trait_type': 'rewardable', 'value': True}, {'trait_type': 'networks', 'value': ['iot', 'mobile']}, {'trait_type': 'iot_city', 'value': 'Copperfield'}, {'trait_type': 'iot_state', 'value': 'Texas'}, {'trait_type': 'iot_country', 'value': 'United States'}, {'trait_type': 'iot_lat', 'value': 29.903916}, {'trait_type': 'iot_long', 'value': -95.635654}, {'trait_type': 'mobile_city', 'value': 'Copperfield'}, {'trait_type': 'mobile_state', 'value': 'Texas'}, {'trait_type': 'mobile_country', 'value': 'United States'}, {'trait_type': 'mobile_lat', 'value': 29.903916}, {'trait_type': 'mobile_long', 'value': -95.635654}]",,,,,,,,,,,,,,,,,,,,,,,,,,,,"{'iot': {'address': 'J722qGNqyWU2AfHKpM9tLz82D6UB728A3WBcJny7NN4T', 'street': 'Planet Fitness', 'city': 'Copperfield', 'state': 'Texas', 'country': 'United States', 'is_active': False, 'location': '8c446dd957037ff', 'dc_onboarding_fee_paid': '4000000', 'elevation': 20, 'gain': 90, 'created_at': '2023-05-04T01:07:56.251Z', 'asset': 'B7u8H5BFik7Up178vxcSA3zX7uz9yfe3P7thHjWsW3Ki', 'lat': 29.903916, 'long': -95.635654}, 'mobile': {'address': '2obAzPMnrcirHP6GZHg8gGWjvLUZmKk8pFWD1JqWUcHR', 'asset': 'B7u8H5BFik7Up178vxcSA3zX7uz9yfe3P7thHjWsW3Ki', 'street': 'Planet Fitness', 'city': 'Copperfield', 'state': 'Texas', 'country': 'United States', 'is_active': False, 'device_type': 'cbrs', 'location': '8c446dd957037ff', 'dc_onboarding_fee_paid': '0', 'created_at': '2023-04-25T00:29:08.149Z', 'lat': 29.903916, 'long': -95.635654}}"
Loud Marigold Toad,A Rewardable NFT on Helium,https://shdw-drive.genesysgo.net/6tcnBSybPG7piEDShBcrVtYJDPSvGrDbVvXmXKpzBvWP/hotspot-active.png,niVyM6ME8LQnreg2zdDeahugqpbsbxYt3NZaJA6iN2y,EjnGt16vvSmbA4qrir5sCFQefUi4k5jeahZFZLaRxAKC,AAD36BhTjzi56jNnRPDxP5GEdyH2tQVfDBOS6BhAFyP1MLjveYk=,b58,112tBSdbRaxeyXXwPuBRy8YmCS7uycXXtDuRvi56KsDnmnz9SRDi,"[{'trait_type': 'ecc_compact', 'value': '112tBSdbRaxeyXXwPuBRy8YmCS7uycXXtDuRvi56KsDnmnz9SRDi'}, {'trait_type': 'entity_key_string', 'value': '112tBSdbRaxeyXXwPuBRy8YmCS7uycXXtDuRvi56KsDnmnz9SRDi'}, {'trait_type': 'entity_key', 'value': 'AAD36BhTjzi56jNnRPDxP5GEdyH2tQVfDBOS6BhAFyP1MLjveYk='}, {'trait_type': 'rewardable', 'value': True}, {'trait_type': 'networks', 'value': ['iot', 'mobile']}, {'trait_type': 'iot_city', 'value': 'Quincy'}, {'trait_type': 'iot_state', 'value': 'Massachusetts'}, {'trait_type': 'iot_country', 'value': 'United States'}, {'trait_type': 'iot_lat', 'value': 42.242805}, {'trait_type': 'iot_long', 'value': -71.012196}, {'trait_type': 'mobile_city', 'value': 'Quincy'}, {'trait_type': 'mobile_state', 'value': 'Massachusetts'}, {'trait_type': 'mobile_country', 'value': 'United States'}, {'trait_type': 'mobile_lat', 'value': 42.242805}, {'trait_type': 'mobile_long', 'value': -71.012196}]",,,,,,,,,,,,,,,,,,,,,,,,,,,,"{'iot': {'address': 'AF5qoGpx3Rp4Tv7ZRwn4sAM5SDpW37gBeNPMv6u2j7QR', 'street': None, 'city': 'Quincy', 'state': 'Massachusetts', 'country': 'United States', 'is_active': True, 'location': '8c2a3393188c3ff', 'dc_onboarding_fee_paid': '4000000', 'elevation': 5, 'gain': 12, 'created_at': '2023-05-04T01:08:01.995Z', 'asset': 'niVyM6ME8LQnreg2zdDeahugqpbsbxYt3NZaJA6iN2y', 'lat': 42.242805, 'long': -71.012196}, 'mobile': {'address': '12tsBYTF1gWkTWDamzBtD5jWDpAkDSRPY8yV53WS39Jh', 'asset': 'niVyM6ME8LQnreg2zdDeahugqpbsbxYt3NZaJA6iN2y', 'street': None, 'city': 'Quincy', 'state': 'Massachusetts', 'country': 'United States', 'is_active': True, 'device_type': 'cbrs', 'location': '8c2a3393188c3ff', 'dc_onboarding_fee_paid': '4000000', 'created_at': '2023-04-26T02:36:48.255Z', 'lat': 42.242805, 'long': -71.012196}}"
Beautiful Inky Dragon,A Rewardable NFT on Helium,https://shdw-drive.genesysgo.net/6tcnBSybPG7piEDShBcrVtYJDPSvGrDbVvXmXKpzBvWP/hotspot-active.png,GBtkX412KEtryoGZExjqvyESqRtjFEWh35bvsRkhE4JP,7z7LQmjhAy3UE3a6Wi2qVK7gZp89f6tXhaePHMGtG2dr,AADx/iPDUJZ998GNQHvSPjgVwUHC/EGhtTHHW9OIXVfv/w+Fh7g=,b58,112qaP1uoc8gUs4LKPF2f7zwu3wcxBgMST8EmRmCTcEpW2c8otB9,"[{'trait_type': 'ecc_compact', 'value': '112qaP1uoc8gUs4LKPF2f7zwu3wcxBgMST8EmRmCTcEpW2c8otB9'}, {'trait_type': 'entity_key_string', 'value': '112qaP1uoc8gUs4LKPF2f7zwu3wcxBgMST8EmRmCTcEpW2c8otB9'}, {'trait_type': 'entity_key', 'value': 'AADx/iPDUJZ998GNQHvSPjgVwUHC/EGhtTHHW9OIXVfv/w+Fh7g='}, {'trait_type': 'rewardable', 'value': True}, {'trait_type': 'networks', 'value': ['iot', 'mobile']}, {'trait_type': 'iot_city', 'value': 'Richmond'}, {'trait_type': 'iot_state', 'value': 'CA'}, {'trait_type': 'iot_country', 'value': 'United States'}, {'trait_type': 'iot_lat', 'value': 37.931245}, {'trait_type': 'iot_long', 'value': -122.322055}, {'trait_type': 'mobile_city', 'value': 'Richmond'}, {'trait_type': 'mobile_state', 'value': 'CA'}, {'trait_type': 'mobile_country', 'value': 'United States'}, {'trait_type': 'mobile_lat', 'value': 37.931245}, {'trait_type': 'mobile_long', 'value': -122.322055}]",,,,,,,,,,,,,,,,,,,,,,,,,,,,"{'iot': {'address': 'EWppm8Kp8SGuX3tmJF7zdr4zBmKX7gZdKyvMYsfztyXF', 'street': None, 'city': 'Richmond', 'state': 'CA', 'country': 'United States', 'is_active': True, 'location': '8c28308c6c10dff', 'dc_onboarding_fee_paid': '4000000', 'elevation': 2, 'gain': 12, 'created_at': '2023-05-04T01:07:42.333Z', 'asset': 'GBtkX412KEtryoGZExjqvyESqRtjFEWh35bvsRkhE4JP', 'lat': 37.931245, 'long': -122.322055}, 'mobile': {'address': '5g8yjLjctQDWY4YhzQiPHyPsAmy7DmCUDd5brUhXC1Mf', 'asset': 'GBtkX412KEtryoGZExjqvyESqRtjFEWh35bvsRkhE4JP', 'street': None, 'city': 'Richmond', 'state': 'CA', 'country': 'United States', 'is_active': True, 'device_type': 'cbrs', 'location': '8c28308c6c10dff', 'dc_onboarding_fee_paid': '4000000', 'created_at': '2023-04-26T17:32:28.887Z', 'lat': 37.931245, 'long': -122.322055}}"
Spare Carrot Cottonmouth,A Rewardable NFT on Helium,https://shdw-drive.genesysgo.net/6tcnBSybPG7piEDShBcrVtYJDPSvGrDbVvXmXKpzBvWP/hotspot.png,34WskUbS7iGRLYabPMtEL3BEWMmMjqT6ByhBx3XdbFfx,329P1gJ3Bz8UPxZontt9QnS7KSdqGCpqsv2YbrZdT7u7,AAB8+U/lgS32cIIdIwGCS8IiDabjnYx1/xIoDMJVEwkXUQ19S1g=,b58,11x3HpGejYYs3HmJC78vD3tTnwAqFpKPZ62WApAr3wj4qiY5dxb,"[{'trait_type': 'ecc_compact', 'value': '11x3HpGejYYs3HmJC78vD3tTnwAqFpKPZ62WApAr3wj4qiY5dxb'}, {'trait_type': 'entity_key_string', 'value': '11x3HpGejYYs3HmJC78vD3tTnwAqFpKPZ62WApAr3wj4qiY5dxb'}, {'trait_type': 'entity_key', 'value': 'AAB8+U/lgS32cIIdIwGCS8IiDabjnYx1/xIoDMJVEwkXUQ19S1g='}, {'trait_type': 'rewardable', 'value': True}, {'trait_type': 'networks', 'value': ['iot', 'mobile']}, {'trait_type': 'iot_city', 'value': 'Winterset'}, {'trait_type': 'iot_state', 'value': 'Iowa'}, {'trait_type': 'iot_country', 'value': 'United States'}, {'trait_type': 'iot_lat', 'value': 41.33328}, {'trait_type': 'iot_long', 'value': -94.024702}, {'trait_type': 'mobile_city', 'value': 'Winterset'}, {'trait_type': 'mobile_state', 'value': 'Iowa'}, {'trait_type': 'mobile_country', 'value': 'United States'}, {'trait_type': 'mobile_lat', 'value': 41.33328}, {'trait_type': 'mobile_long', 'value': -94.024702}]",,,,,,,,,,,,,,,,,,,,,,,,,,,,"{'iot': {'address': '7NNKZrpRhKHCrb4NJKATf6Krf4JyyX72bRfUZCiMZLNZ', 'street': 'South 12th Avenue', 'city': 'Winterset', 'state': 'Iowa', 'country': 'United States', 'is_active': False, 'location': '8c260d0338ac3ff', 'dc_onboarding_fee_paid': '4000000', 'elevation': 2, 'gain': 12, 'created_at': '2023-05-04T01:08:20.764Z', 'asset': '34WskUbS7iGRLYabPMtEL3BEWMmMjqT6ByhBx3XdbFfx', 'lat': 41.33328, 'long': -94.024702}, 'mobile': {'address': 'Fz1mXEMzWwH4q3i33ZoBfh4zz97qGbS2BH72kULFfe9s', 'asset': '34WskUbS7iGRLYabPMtEL3BEWMmMjqT6ByhBx3XdbFfx', 'street': 'South 12th Avenue', 'city': 'Winterset', 'state': 'Iowa', 'country': 'United States', 'is_active': True, 'device_type': 'cbrs', 'location': '8c260d0338ac3ff', 'dc_onboarding_fee_paid': '4000000', 'created_at': '2023-04-26T17:58:47.417Z', 'lat': 41.33328, 'long': -94.024702}}"
Proud Lime Pike,A Rewardable NFT on Helium,https://shdw-drive.genesysgo.net/6tcnBSybPG7piEDShBcrVtYJDPSvGrDbVvXmXKpzBvWP/hotspot-active.png,BV5vcDguuUszC6xZQi7haPDRJY1PMsfChUyda6C7oP5X,Gs41zLxLTqzT5RkqXzwR5aJRbejpZB4PdpgRXG8FmiXo,AAC+lIyRgRYto83NYTUUFWUIcXjQY/M5sDdukZsmSW1f8pf1iZY=,b58,112Sw7oHs56U3b2kuhz64hD8RTRwBpxcP4jiCpgy3LzskHF7Lanh,"[{'trait_type': 'ecc_compact', 'value': '112Sw7oHs56U3b2kuhz64hD8RTRwBpxcP4jiCpgy3LzskHF7Lanh'}, {'trait_type': 'entity_key_string', 'value': '112Sw7oHs56U3b2kuhz64hD8RTRwBpxcP4jiCpgy3LzskHF7Lanh'}, {'trait_type': 'entity_key', 'value': 'AAC+lIyRgRYto83NYTUUFWUIcXjQY/M5sDdukZsmSW1f8pf1iZY='}, {'trait_type': 'rewardable', 'value': True}, {'trait_type': 'networks', 'value': ['iot', 'mobile']}, {'trait_type': 'iot_city', 'value': 'Philadelphia'}, {'trait_type': 'iot_state', 'value': 'PA'}, {'trait_type': 'iot_country', 'value': 'United States'}, {'trait_type': 'iot_lat', 'value': 39.914658}, {'trait_type': 'iot_long', 'value': -75.158975}, {'trait_type': 'mobile_city', 'value': 'Philadelphia'}, {'trait_type': 'mobile_state', 'value': 'PA'}, {'trait_type': 'mobile_country', 'value': 'United States'}, {'trait_type': 'mobile_lat', 'value': 39.914658}, {'trait_type': 'mobile_long', 'value': -75.158975}]",,,,,,,,,,,,,,,,,,,,,,,,,,,,"{'iot': {'address': '2RS1D2251b75FHqSDGXRnUhrYUk2BhakS6Uga4rtu7Vj', 'street': None, 'city': 'Philadelphia', 'state': 'PA', 'country': 'United States', 'is_active': True, 'location': '8c2a134d15863ff', 'dc_onboarding_fee_paid': '4000000', 'elevation': 0, 'gain': 12, 'created_at': '2023-05-04T01:07:10.793Z', 'asset': 'BV5vcDguuUszC6xZQi7haPDRJY1PMsfChUyda6C7oP5X', 'lat': 39.914658, 'long': -75.158975}, 'mobile': {'address': '5zmUk3UqQ3VUC4TSZVaJiLNNMRMPRDvp6Bt3ZWF2U5Y2', 'asset': 'BV5vcDguuUszC6xZQi7haPDRJY1PMsfChUyda6C7oP5X', 'street': None, 'city': 'Philadelphia', 'state': 'PA', 'country': 'United States', 'is_active': True, 'device_type': 'cbrs', 'location': '8c2a134d15863ff', 'dc_onboarding_fee_paid': '4000000', 'created_at': '2023-04-26T18:34:51.470Z', 'lat': 39.914658, 'long': -75.158975}}"
Petite Teal Scorpion,A Rewardable NFT on Helium,https://shdw-drive.genesysgo.net/6tcnBSybPG7piEDShBcrVtYJDPSvGrDbVvXmXKpzBvWP/hotspot-active.png,BuoSdDNUZK9nnRkMYr2FVMQB9q7qSWKUnmRreWJ35tUw,9fLc8AHsx9HQnArEjZk3KyY4CDbbBft1Cey8H4RmYzYe,AABD/dAcL6UNcTAkJvAz0dULRiyOh/dcSMmD+IPYuZvgrn6bXzE=,b58,11WwkXiFi1y4XwMYFXtxVCmhSj3aRLVmgAXDDrZ8def75ac3ekY,"[{'trait_type': 'ecc_compact', 'value': '11WwkXiFi1y4XwMYFXtxVCmhSj3aRLVmgAXDDrZ8def75ac3ekY'}, {'trait_type': 'entity_key_string', 'value': '11WwkXiFi1y4XwMYFXtxVCmhSj3aRLVmgAXDDrZ8def75ac3ekY'}, {'trait_type': 'entity_key', 'value': 'AABD/dAcL6UNcTAkJvAz0dULRiyOh/dcSMmD+IPYuZvgrn6bXzE='}, {'trait_type': 'rewardable', 'value': True}, {'trait_type': 'networks', 'value': ['iot', 'mobile']}, {'trait_type': 'iot_city', 'value': None}, {'trait_type': 'iot_state', 'value': 'Florida'}, {'trait_type': 'iot_country', 'value': 'United States'}, {'trait_type': 'iot_lat', 'value': 26.169376}, {'trait_type': 'iot_long', 'value': -80.138982}, {'trait_type': 'mobile_city', 'value': None}, {'trait_type': 'mobile_state', 'value': 'Florida'}, {'trait_type': 'mobile_country', 'value': 'United States'}, {'trait_type': 'mobile_lat', 'value': 26.169376}, {'trait_type': 'mobile_long', 'value': -80.138982}]",,,,,,,,,,,,,,,,,,,,,,,,,,,,"{'iot': {'address': '5SCNFB6pdVq2co6AiSVDJksjgbEvFf1AMtzTnhodiUhp', 'street': 'Northeast 5th Avenue', 'city': None, 'state': 'Florida', 'country': 'United States', 'is_active': True, 'location': '8c44a138262a7ff', 'dc_onboarding_fee_paid': '4000000', 'elevation': 3, 'gain': 80, 'created_at': '2023-05-04T01:07:10.793Z', 'asset': 'BuoSdDNUZK9nnRkMYr2FVMQB9q7qSWKUnmRreWJ35tUw', 'lat': 26.169376, 'long': -80.138982}, 'mobile': {'address': '6grVATL8ib3eVga9Qm7pw7HeCVRTDYzrLnU5JLdvqNjt', 'asset': 'BuoSdDNUZK9nnRkMYr2FVMQB9q7qSWKUnmRreWJ35tUw', 'street': 'Northeast 5th Avenue', 'city': None, 'state': 'Florida', 'country': 'United States', 'is_active': True, 'device_type': 'cbrs', 'location': '8c44a138262a7ff', 'dc_onboarding_fee_paid': '4000000', 'created_at': '2023-04-26T23:09:27.722Z', 'lat': 26.169376, 'long': -80.138982}}"
Quaint Clay Moth,A Rewardable NFT on Helium,https://shdw-drive.genesysgo.net/6tcnBSybPG7piEDShBcrVtYJDPSvGrDbVvXmXKpzBvWP/hotspot-active.png,9kFoBsCFyjEg7zbkUniTPuESv2JqoaPpouSRcwKdomxr,4K69k2nkeqYyWrgV2RVxPUFgbtYsEACEkmFk2ekgu35W,AAC3/HoNO/avBsjIy7r3TpHTs3i8cbPTNUh9WIQd7aVpKex5f+M=,b58,112Q2gXZPU19RXq2PyUzobxpC2gURSpTVbfY66WnKnivHKXbAyKg,"[{'trait_type': 'ecc_compact', 'value': '112Q2gXZPU19RXq2PyUzobxpC2gURSpTVbfY66WnKnivHKXbAyKg'}, {'trait_type': 'entity_key_string', 'value': '112Q2gXZPU19RXq2PyUzobxpC2gURSpTVbfY66WnKnivHKXbAyKg'}, {'trait_type': 'entity_key', 'value': 'AAC3/HoNO/avBsjIy7r3TpHTs3i8cbPTNUh9WIQd7aVpKex5f+M='}, {'trait_type': 'rewardable', 'value': True}, {'trait_type': 'networks', 'value': ['iot', 'mobile']}, {'trait_type': 'iot_city', 'value': 'Springfield'}, {'trait_type': 'iot_state', 'value': 'IL'}, {'trait_type': 'iot_country', 'value': 'United States'}, {'trait_type': 'iot_lat', 'value': 39.802777}, {'trait_type': 'iot_long', 'value': -89.648142}, {'trait_type': 'mobile_city', 'value': 'Springfield'}, {'trait_type': 'mobile_state', 'value': 'IL'}, {'trait_type': 'mobile_country', 'value': 'United States'}, {'trait_type': 'mobile_lat', 'value': 39.802777}, {'trait_type': 'mobile_long', 'value': -89.648142}]",,,,,,,,,,,,,,,,,,,,,,,,,,,,"{'iot': {'address': '9A2LT3SsKJ41LGPK8vHCbVhLoxkme51HobMkVZGtFGiV', 'street': 'Head West', 'city': 'Springfield', 'state': 'IL', 'country': 'United States', 'is_active': True, 'location': '8c2644d082cb3ff', 'dc_onboarding_fee_paid': '4000000', 'elevation': 10, 'gain': 12, 'created_at': '2023-05-04T01:08:09.022Z', 'asset': '9kFoBsCFyjEg7zbkUniTPuESv2JqoaPpouSRcwKdomxr', 'lat': 39.802777, 'long': -89.648142}, 'mobile': {'address': '3qsV4UatJVK4fqF3Wh3Nhzy1b6DrE3FQ6W6ckVQF5wq9', 'asset': '9kFoBsCFyjEg7zbkUniTPuESv2JqoaPpouSRcwKdomxr', 'street': 'Head West', 'city': 'Springfield', 'state': 'IL', 'country': 'United States', 'is_active': True, 'device_type': 'cbrs', 'location': '8c2644d082cb3ff', 'dc_onboarding_fee_paid': '4000000', 'created_at': '2023-04-27T11:53:33.134Z', 'lat': 39.802777, 'long': -89.648142}}"
Sharp Cinnabar Swan,A Rewardable NFT on Helium,https://shdw-drive.genesysgo.net/6tcnBSybPG7piEDShBcrVtYJDPSvGrDbVvXmXKpzBvWP/hotspot-active.png,21LeXkTSppin8XTJVqyxkcdA9bSTQt9tBcK4gHLGpZMn,JCJRwJBe8XRpTaNpo3w2zjFynQRt3hrgrvYbiHoKCxBC,AAAZnBiZn9hwsVEVgkvltqpZ+cw8bkLR7woPoWMdYf0I5AwAiEw=,b58,11CHAfnQi6KQzvH6X9LPTLBQTjNha8nNrGYkT457LRobNokADeb,"[{'trait_type': 'ecc_compact', 'value': '11CHAfnQi6KQzvH6X9LPTLBQTjNha8nNrGYkT457LRobNokADeb'}, {'trait_type': 'entity_key_string', 'value': '11CHAfnQi6KQzvH6X9LPTLBQTjNha8nNrGYkT457LRobNokADeb'}, {'trait_type': 'entity_key', 'value': 'AAAZnBiZn9hwsVEVgkvltqpZ+cw8bkLR7woPoWMdYf0I5AwAiEw='}, {'trait_type': 'rewardable', 'value': True}, {'trait_type': 'networks', 'value': ['iot', 'mobile']}, {'trait_type': 'iot_city', 'value': 'Woodbridge Township'}, {'trait_type': 'iot_state', 'value': 'New Jersey'}, {'trait_type': 'iot_country', 'value': 'United States'}, {'trait_type': 'iot_lat', 'value': 40.541}, {'trait_type': 'iot_long', 'value': -74.275916}, {'trait_type': 'mobile_city', 'value': 'Woodbridge Township'}, {'trait_type': 'mobile_state', 'value': 'New Jersey'}, {'trait_type': 'mobile_country', 'value': 'United States'}, {'trait_type': 'mobile_lat', 'value': 40.546521}, {'trait_type': 'mobile_long', 'value': -74.267639}]",,,,,,,,,,,,,,,,,,,,,,,,,,,,"{'iot': {'address': '7ZPn9Z6L57wThmPP6KiWsQShWW8vYiqiBjFTQWQBCKHT', 'street': 'Cutters Dock Road', 'city': 'Woodbridge Township', 'state': 'New Jersey', 'country': 'United States', 'is_active': True, 'location': '8c2a1061a32cdff', 'dc_onboarding_fee_paid': '4000000', 'elevation': 0, 'gain': 12, 'created_at': '2023-05-04T01:06:57.906Z', 'asset': '21LeXkTSppin8XTJVqyxkcdA9bSTQt9tBcK4gHLGpZMn', 'lat': 40.541, 'long': -74.275916}, 'mobile': {'address': 'B4nZqF9iYJous3QUu8qxses3GP4D6Nuug7zMc8DD9JaQ', 'asset': '21LeXkTSppin8XTJVqyxkcdA9bSTQt9tBcK4gHLGpZMn', 'street': 'Cutters Dock Road', 'city': 'Woodbridge Township', 'state': 'New Jersey', 'country': 'United States', 'is_active': False, 'device_type': 'cbrs', 'location': '8c2a1061aad23ff', 'dc_onboarding_fee_paid': '4000000', 'created_at': '2023-04-27T12:28:34.433Z', 'lat': 40.546521, 'long': -74.267639}}"
